"k","replication","intercept"
100,1,-0.830890005467626
100,2,0.394984615112175
100,3,1.04298650117653
100,4,0.123654500447239
100,5,0.27745272645377
150,1,-2.46848965060868
150,2,-1.03376080058846
150,3,-0.787612225807362
150,4,-0.451853153596637
150,5,0.0988995360248006
200,1,-0.262061665193667
200,2,-0.978746907768497
200,3,-0.731542286721896
200,4,-0.320335170284536
200,5,-0.928084212247552
